AGENCY_NAME,PERCENT_DIFF_ARREST_BAN,PERCENT_DIFF_FORCE_BAN,PERCENT_DIFF_FIREARM_DISCHARGE_BAN
"CHP-HQ A/C, STAFF",-0.028527053155409047,-0.1597444089456869,0
LAPD,-1.3673318551367333,-1.1947127605490595,-2.7777777777777777
LOS ANGELES CO SD,-3.9547527183444404,-0.7336084364970197,0
RIVERSIDE CO SO,-2.943189596167009,-2.083333333333333,0
SAN BERNARDINO CO SO,-3.181253879577902,NA,NA
SAN DIEGO CO SO,-5.368934826299167,-6.075949367088607,0
SAN DIEGO PD,-0.7586586036283672,-1.9849418206707734,0
SAN FRANCISCO PD - DOC,-0.2754131196795193,-0.5676442762535477,0
