AGENCY_NAME,STOP_RATE_PER_1000,SEARCH_RATE_PER_100_STOPS,ARREST_RATE_PER_100_STOPS,FORCE_RATE_PER_1000_STOPS
"CHP-HQ A/C, STAFF",22.83346191532617,1.0862949369134167,3.0528700307038465,0.6057550601352208
LAPD,83.9819833887383,25.546437131884485,7.233553422973081,11.684651049509775
LOS ANGELES CO SD,13.520557957165257,20.685768653712447,8.34632414827826,15.962235152047425
RIVERSIDE CO SO,18.89807312265552,8.578811369509044,3.282777216043141,6.47118301314459
SAN BERNARDINO CO SO,29.432590678948905,23.799913507279804,10.321464610061987,27.341309884195855
SAN DIEGO CO SO,12.338347547633512,18.447488584474886,8.596815994076268,9.749475502900161
SAN DIEGO PD,63.34532425044966,18.762506288077805,10.167123134536919,16.332234084176402
SAN FRANCISCO PD - DOC,64.3724516170998,18.68496161959971,7.080430427768618,18.738144622312046
