AGENCY_NAME,STOP_RATE_PER_1000,SEARCH_RATE_PER_100_STOPS,ARREST_RATE_PER_100_STOPS,FORCE_RATE_PER_100_STOPS
"CHP-HQ A/C, STAFF",22.83346191532617,1.0862949369134167,65.65233336655632,0.06057550601352208
LAPD,83.9819833887383,25.546437131884485,46.38099566058079,1.1684651049509773
LOS ANGELES CO SD,13.520557957165257,20.685768653712447,12.915431624400775,1.5962235152047426
RIVERSIDE CO SO,18.89807312265552,8.578811369509044,57.40029210201101,0.647118301314459
SAN BERNARDINO CO SO,29.432590678948905,23.799913507279804,26.124004933288486,2.7341309884195857
SAN DIEGO CO SO,12.338347547633512,18.447488584474886,40.38010613353079,0.9749475502900161
SAN DIEGO PD,63.34532425044966,18.762506288077805,32.47331060309653,1.6332234084176402
SAN FRANCISCO PD - DOC,64.3724516170998,18.68496161959971,32.2679005123296,1.8738144622312043
