AGENCY_NAME,FORCE_COUNT,FIREARM_DISCHARGE_COUNT,FORCE_ORIGINATE_MISDEMEANOR_COUNT,FORCE_ORIGINATE_LOW_LEVEL_COUNT,GUNSHOT_ORIGINATE_MISDEMEANOR_COUNT,GUNSHOT_ORIGINATE_LOW_LEVEL_COUNT,PERCENT_FORCE_ORIGINATE_MISDEMEANOR,PERCENT_FORCE_ORIGINATE_LOW_LEVEL,PERCENT_GUNSHOT_ORIGINATE_MISDEMEANOR,PERCENT_GUNSHOT_ORIGINATE_LOW_LEVEL
"CHP-HQ A/C, STAFF",527,14,336,17,14,0,63.75711574952562,3.225806451612903,100,0
LAPD,1910,16,723,287,4,2,37.853403141361255,15.026178010471202,25,12.5
LOS ANGELES CO SD,689,7,224,95,1,1,32.51088534107402,13.788098693759071,14.285714285714285,14.285714285714285
RIVERSIDE CO SO,155,0,88,38,0,0,56.774193548387096,24.516129032258064,0,0
SAN BERNARDINO CO SO,814,3,301,125,0,0,36.977886977886975,15.356265356265355,0,0
SAN DIEGO CO SO,311,1,164,71,0,0,52.73311897106109,22.829581993569132,0,0
SAN DIEGO PD,959,0,624,199,0,0,65.06777893639207,20.75078206465068,0,0
SAN FRANCISCO PD - DOC,680,3,318,58,0,0,46.76470588235294,8.529411764705882,0,0
