AGENCY_NAME,STOP_COUNT,SEARCH_CONSENT_COUNT,ARREST_COUNT,ARREST_COUNT_BAN_PRETEXT,IMPACT_PEOPLE_ARREST_BAN_YEAR,PERCENT_DIFF_ARREST_BAN,USE_FORCE_COUNT,USE_FORCE_COUNT_BAN_PRETEXT,IMPACT_PEOPLE_FORCE_BAN_YEAR,PERCENT_DIFF_FORCE_BAN,FIREARM_DISCHARGE_COUNT,FIREARM_DISCHARGE_COUNT_BAN_PRETEXT,IMPACT_PEOPLE_GUNSHOT_BAN_YEAR,PERCENT_DIFF_FIREARM_DISCHARGE_BAN
"CHP-HQ A/C, STAFF",1033421,72,63098,63080,36,-0.028527053155409047,1252,1250,4,-0.1597444089456869,32,32,0,0
LAPD,336681,12334,48708,48042,1332,-1.3673318551367333,7868,7774,188,-1.1947127605490595,72,70,4,-2.7777777777777777
LOS ANGELES CO SD,136635,4587,22808,21906,1804,-3.9547527183444404,4362,4330,64,-0.7336084364970197,14,14,0,0
RIVERSIDE CO SO,44505,523,2922,2836,172,-2.943189596167009,576,564,24,-2.083333333333333,2,2,0,0
SAN BERNARDINO CO SO,62433,1975,12888,12478,820,-3.181253879577902,3414,3290,248,-3.6321031048623316,8,8,0,0
SAN DIEGO CO SO,40515,1321,6966,6592,748,-5.368934826299167,790,742,96,-6.075949367088607,2,2,0,0
SAN DIEGO PD,89455,871,18190,18052,276,-0.7586586036283672,2922,2864,116,-1.9849418206707734,2,2,0,0
SAN FRANCISCO PD - DOC,56409,301,7988,7966,44,-0.2754131196795193,2114,2102,24,-0.5676442762535477,4,4,0,0
