AGENCY_NAME,FORCE_COUNT,FIREARM_DISCHARGE_COUNT,FORCE_ORIGINATE_MISDEMEANOR_COUNT,FORCE_ORIGINATE_LOW_LEVEL_COUNT,GUNSHOT_ORIGINATE_MISDEMEANOR_COUNT,GUNSHOT_ORIGINATE_LOW_LEVEL_COUNT,PERCENT_FORCE_ORIGINATE_MISDEMEANOR,PERCENT_FORCE_ORIGINATE_LOW_LEVEL,PERCENT_GUNSHOT_ORIGINATE_MISDEMEANOR,PERCENT_GUNSHOT_ORIGINATE_LOW_LEVEL
"CHP-HQ A/C, STAFF",447,12,261,17,12,0,58.38926174496645,3.803131991051454,100,0
LAPD,1910,16,723,287,4,2,37.853403141361255,15.026178010471202,25,12.5
LOS ANGELES CO SD,502,6,150,50,0,0,29.880478087649404,9.9601593625498,0,0
RIVERSIDE CO SO,108,0,68,25,0,0,62.96296296296296,23.14814814814815,0,0
SAN BERNARDINO CO SO,616,2,238,81,0,0,38.63636363636363,13.14935064935065,0,0
SAN DIEGO CO SO,216,1,108,41,0,0,50,18.98148148148148,0,0
SAN DIEGO PD,691,0,446,113,0,0,64.54413892908828,16.35311143270622,0,0
SAN FRANCISCO PD - DOC,392,1,184,32,0,0,46.93877551020408,8.16326530612245,0,0
